type,data
image,"{'src': 'https://static.saltinourhair.com/wp-content/uploads/2020/01/23124700/things-to-do-melaka-malaysia-melaka-1-30x23.jpg', 'alt': '8 Things To Do in Melaka, Malaysia (2-day Travel Guide)'}"
heading_h1,"8 Things To Do in Melaka, Malaysia (2-day Travel Guide)"
list_item,Home
list_item,Asia malaysia
paragraph,"Melaka: a colorful, artsy city on a riverbank in southwestern Malaysia. The architecture, monuments, and people reflect the influences of its former position as a trading hub. Absorb the history of this UNESCO site in the mornings, street art in the afternoon, and the lively street market by night."
link,"{'text': 'Salt in our Hair Travel Blog', 'url': 'https://www.saltinourhair.com/'}"
list_item,Things To Do in Melaka in Two Days Things To Do in Melaka in Two Days Discover Melaka’s Riverside Street Art Murals and Orangutan House Cheng Hoong Teng Chinese Temple Stadthuys and Christchurch Melaka Straits Mosque Jonker Walk St. Paul’s Church Maritime Museum
list_item,How to Visit Melaka How to Visit Melaka How to Get Around Melaka
list_item,Restaurants in Melaka
list_item,Where to Stay in Melaka
heading_h2,Things To Do in Melaka in Two Days
paragraph,"Melaka, formally written as Malacca, has something for everyone, so plan to spend one or two full days exploring this city. If you’re in a time crunch, an alternative would be to book a day tour leaving from Kuala Lumpur."
paragraph,Here are all your hotel options in Melaka.
image,"{'src': 'https://static.saltinourhair.com/wp-content/uploads/2020/01/23124617/malacca-malaysia-1-540x810.jpg', 'alt': 'malacca malaysia'}"
image,"{'src': 'https://static.saltinourhair.com/wp-content/uploads/2020/01/23124617/malacca-malaysia-1-540x810.jpg', 'alt': 'malacca malaysia'}"
link,"{'text': 'https://www.pinterest.com', 'url': 'https://www.pinterest.com'}"
image,"{'src': 'https://static.saltinourhair.com/wp-content/uploads/2020/01/23124620/malacca-malaysia-streets-1-540x810.jpg', 'alt': 'malacca malaysia streets'}"
image,"{'src': 'https://static.saltinourhair.com/wp-content/uploads/2020/01/23124620/malacca-malaysia-streets-1-540x810.jpg', 'alt': 'malacca malaysia streets'}"
link,"{'text': 'https://www.pinterest.com', 'url': 'https://www.pinterest.com'}"
heading_h3,1. Discover Melaka’s Riverside Street Art
paragraph,"One of Melaka’s biggest surprises is its vibrant street art scene. Everywhere you look, buildings are decorated in the brightest colors, with large murals covering the walls. By strolling a few hours along the river or taking a river cruise, you will find many older houses that have been renewed by street art in this area."
paragraph,Tip: The river is not the only place you can find street art! There is much more tucked away in Melaka’s narrow back streets.
paragraph,Discover the 2-week Malaysia Travel Itinerary
image,"{'src': 'https://static.saltinourhair.com/wp-content/uploads/2020/01/23124654/river-street-malacca-malaysia-1-540x810.jpg', 'alt': 'river street malacca malaysia'}"
image,"{'src': 'https://static.saltinourhair.com/wp-content/uploads/2020/01/23124654/river-street-malacca-malaysia-1-540x810.jpg', 'alt': 'river street malacca malaysia'}"
link,"{'text': 'https://www.pinterest.com', 'url': 'https://www.pinterest.com'}"
image,"{'src': 'https://static.saltinourhair.com/wp-content/uploads/2020/01/23124657/malaysia-malacca-melaka-1-540x810.jpg', 'alt': 'malaysia malacca melaka'}"
image,"{'src': 'https://static.saltinourhair.com/wp-content/uploads/2020/01/23124657/malaysia-malacca-melaka-1-540x810.jpg', 'alt': 'malaysia malacca melaka'}"
link,"{'text': 'https://www.pinterest.com', 'url': 'https://www.pinterest.com'}"
image,"{'src': 'https://static.saltinourhair.com/wp-content/uploads/2020/01/23124713/things-to-do-Malacca-riverside-street-art-1.jpg', 'alt': 'things to do Malacca riverside street art'}"
image,"{'src': 'https://static.saltinourhair.com/wp-content/uploads/2020/01/23124713/things-to-do-Malacca-riverside-street-art-1.jpg', 'alt': 'things to do Malacca riverside street art'}"
link,"{'text': 'https://www.pinterest.com', 'url': 'https://www.pinterest.com'}"
heading_h3,2. Murals and Orangutan House
paragraph,Two huge murals stand out among the rest: a fun thing to do in Melaka. Situated just away from the river is Kiehl’s heritage mural. Made up of primary colors in a lively color block design.
paragraph,"Read: Georgetown, Penang – Charming city of Malaysia"
image,"{'src': 'https://static.saltinourhair.com/wp-content/uploads/2020/01/23124710/malacca-art-murals-malaysia-1-553x810.jpg', 'alt': 'malacca art murals malaysia'}"
image,"{'src': 'https://static.saltinourhair.com/wp-content/uploads/2020/01/23124710/malacca-art-murals-malaysia-1-553x810.jpg', 'alt': 'malacca art murals malaysia'}"
link,"{'text': 'https://www.pinterest.com', 'url': 'https://www.pinterest.com'}"
image,"{'src': 'https://static.saltinourhair.com/wp-content/uploads/2020/01/23124706/street-art-malacca-malaysia-1-553x810.jpg', 'alt': 'street art malacca malaysia'}"
image,"{'src': 'https://static.saltinourhair.com/wp-content/uploads/2020/01/23124706/street-art-malacca-malaysia-1-553x810.jpg', 'alt': 'street art malacca malaysia'}"
link,"{'text': 'https://www.pinterest.com', 'url': 'https://www.pinterest.com'}"
image,"{'src': 'https://static.saltinourhair.com/wp-content/uploads/2020/01/23124727/things-to-do-malacca-murals-kiehl-melaka.jpg', 'alt': 'things to do malacca murals kiehl melaka'}"
image,"{'src': 'https://static.saltinourhair.com/wp-content/uploads/2020/01/23124727/things-to-do-malacca-murals-kiehl-melaka.jpg', 'alt': 'things to do malacca murals kiehl melaka'}"
link,"{'text': 'https://www.pinterest.com', 'url': 'https://www.pinterest.com'}"
paragraph,"The brand collaborated with UNESCO to create a heritage site trail of six sites in Malaysia. The mural is one of them and is a great place to take some photos that will truly represent the energetic feeling of Melaka. The Orangutan mural, created by artist Charles Cham, is located just around the corner."
paragraph,Also read: Kuala Lumpur City Guide – Things to do
image,"{'src': 'https://static.saltinourhair.com/wp-content/uploads/2020/01/23124651/malacca-malaysia-Orangutan-mural-Charles-Cham-1-540x810.jpg', 'alt': 'malacca-malaysia Orangutan mural Charles Cham'}"
image,"{'src': 'https://static.saltinourhair.com/wp-content/uploads/2020/01/23124651/malacca-malaysia-Orangutan-mural-Charles-Cham-1-540x810.jpg', 'alt': 'malacca-malaysia Orangutan mural Charles Cham'}"
link,"{'text': 'https://www.pinterest.com', 'url': 'https://www.pinterest.com'}"
image,"{'src': 'https://static.saltinourhair.com/wp-content/uploads/2020/01/23124646/malacca-malaysia-Orangutan-shop-1-540x810.jpg', 'alt': 'malacca malaysia Orangutan shop'}"
image,"{'src': 'https://static.saltinourhair.com/wp-content/uploads/2020/01/23124646/malacca-malaysia-Orangutan-shop-1-540x810.jpg', 'alt': 'malacca malaysia Orangutan shop'}"
link,"{'text': 'https://www.pinterest.com', 'url': 'https://www.pinterest.com'}"
image,"{'src': 'https://static.saltinourhair.com/wp-content/uploads/2020/01/23124703/things-to-do-malacca-street-art-1.jpg', 'alt': 'things to do malacca street art'}"
image,"{'src': 'https://static.saltinourhair.com/wp-content/uploads/2020/01/23124703/things-to-do-malacca-street-art-1.jpg', 'alt': 'things to do malacca street art'}"
link,"{'text': 'https://www.pinterest.com', 'url': 'https://www.pinterest.com'}"
heading_h3,3. Cheng Hoong Teng Chinese Temple
paragraph,"Cheng Hoong Teng Chinese temple is the oldest operating temple in Malaysia and is quite different from the other buildings in Melaka because of the Chinese architectural influences. Ornate gates, gold leafing, and ruby red Chinese lanterns are just some of the features that make this a top thing to see in Melaka."
paragraph,Here are all your hotel options in Melaka.
image,"{'src': 'https://static.saltinourhair.com/wp-content/uploads/2020/01/23124636/malacca-Cheng-Hoong-Teng-Chinese-Temple-1-540x810.jpg', 'alt': 'malacca Cheng Hoong Teng Chinese Temple'}"
image,"{'src': 'https://static.saltinourhair.com/wp-content/uploads/2020/01/23124636/malacca-Cheng-Hoong-Teng-Chinese-Temple-1-540x810.jpg', 'alt': 'malacca Cheng Hoong Teng Chinese Temple'}"
link,"{'text': 'https://www.pinterest.com', 'url': 'https://www.pinterest.com'}"
image,"{'src': 'https://static.saltinourhair.com/wp-content/uploads/2020/01/23124640/Cheng-Hoong-Teng-Chinese-Temple-melaka-1-533x810.jpg', 'alt': 'Cheng Hoong Teng Chinese Temple melaka'}"
image,"{'src': 'https://static.saltinourhair.com/wp-content/uploads/2020/01/23124640/Cheng-Hoong-Teng-Chinese-Temple-melaka-1-533x810.jpg', 'alt': 'Cheng Hoong Teng Chinese Temple melaka'}"
link,"{'text': 'https://www.pinterest.com', 'url': 'https://www.pinterest.com'}"
image,"{'src': 'https://static.saltinourhair.com/wp-content/uploads/2020/01/23124643/things-to-do-malacca-Cheng-Hoong-Teng-Chinese-Temple-1.jpg', 'alt': 'things to do malacca Cheng Hoong Teng Chinese Temple'}"
image,"{'src': 'https://static.saltinourhair.com/wp-content/uploads/2020/01/23124643/things-to-do-malacca-Cheng-Hoong-Teng-Chinese-Temple-1.jpg', 'alt': 'things to do malacca Cheng Hoong Teng Chinese Temple'}"
link,"{'text': 'https://www.pinterest.com', 'url': 'https://www.pinterest.com'}"
heading_h3,4. Stadthuys and Christchurch
paragraph,"The red square is the epicenter of Melaka, featured on many postcards. The iconic red (pink-ish) buildings were built using bricks shipped over from the Netherlands during the period of Dutch rule."
image,"{'src': 'https://static.saltinourhair.com/wp-content/uploads/2020/01/23124632/malacca-christ-church-Melaka-1-567x810.jpg', 'alt': 'malacca christ church Melaka'}"
image,"{'src': 'https://static.saltinourhair.com/wp-content/uploads/2020/01/23124632/malacca-christ-church-Melaka-1-567x810.jpg', 'alt': 'malacca christ church Melaka'}"
link,"{'text': 'https://www.pinterest.com', 'url': 'https://www.pinterest.com'}"
image,"{'src': 'https://static.saltinourhair.com/wp-content/uploads/2020/01/23124629/things-to-do-malacca-Malaysia-church-Melaka-1-567x810.jpg', 'alt': 'things to do malacca Malaysia church Melaka'}"
image,"{'src': 'https://static.saltinourhair.com/wp-content/uploads/2020/01/23124629/things-to-do-malacca-Malaysia-church-Melaka-1-567x810.jpg', 'alt': 'things to do malacca Malaysia church Melaka'}"
link,"{'text': 'https://www.pinterest.com', 'url': 'https://www.pinterest.com'}"
paragraph,Both buildings are in the trademark Dutch style which provides a unique European-Asian fusion of architecture. The central town hall named Stadthuys is even believed to be the oldest surviving Dutch building in the east!
link,"{'text': 'No time to read now?No worries! Save on Pinterest to read it later. Save to Pinterest', 'url': 'https://www.pinterest.com/pin/create/button/?url=https://www.saltinourhair.com/malaysia/melaka&media=https://static.saltinourhair.com/wp-content/uploads/2020/01/23124716/things-to-do-malacca-malaysia-1.jpg'}"
paragraph,We do recommend visiting this in the early morning as it will be busy with visitors after 8 AM.
paragraph,"Also read: Ipoh, unknown city of Malaysia"
image,"{'src': 'https://static.saltinourhair.com/wp-content/uploads/2020/01/23124623/windmill-malacca-1-605x810.jpg', 'alt': 'windmill malacca'}"
image,"{'src': 'https://static.saltinourhair.com/wp-content/uploads/2020/01/23124623/windmill-malacca-1-605x810.jpg', 'alt': 'windmill malacca'}"
link,"{'text': 'https://www.pinterest.com', 'url': 'https://www.pinterest.com'}"
image,"{'src': 'https://static.saltinourhair.com/wp-content/uploads/2020/01/23124626/things-to-do-malacca-Malaysia-stadthuys-Melaka-1-605x810.jpg', 'alt': 'things to do malacca Malaysia stadthuys Melaka'}"
image,"{'src': 'https://static.saltinourhair.com/wp-content/uploads/2020/01/23124626/things-to-do-malacca-Malaysia-stadthuys-Melaka-1-605x810.jpg', 'alt': 'things to do malacca Malaysia stadthuys Melaka'}"
link,"{'text': 'https://www.pinterest.com', 'url': 'https://www.pinterest.com'}"
image,"{'src': 'https://static.saltinourhair.com/wp-content/uploads/2020/01/23124724/red-square-church-malacca-malaysia.jpg', 'alt': 'red square church malacca malaysia'}"
image,"{'src': 'https://static.saltinourhair.com/wp-content/uploads/2020/01/23124724/red-square-church-malacca-malaysia.jpg', 'alt': 'red square church malacca malaysia'}"
link,"{'text': 'https://www.pinterest.com', 'url': 'https://www.pinterest.com'}"
heading_h3,5. Melaka Straits Mosque
paragraph,"This majestic white building is a highlight of the things to do in Melaka. The mosque is located on the edge of the city, situated on a jetty emerging from the water. This means that when the water level is high, it gives the impression the mosque is floating. See the building’s stained glass and gold details by day or when it’s lit up by many different colored lights by night."
paragraph,Here are all your hotel options in Melaka.
image,"{'src': 'https://static.saltinourhair.com/wp-content/uploads/2020/01/23124608/Straits-mosque-malacca-1-572x810.jpg', 'alt': 'Straits mosque malacca'}"
image,"{'src': 'https://static.saltinourhair.com/wp-content/uploads/2020/01/23124608/Straits-mosque-malacca-1-572x810.jpg', 'alt': 'Straits mosque malacca'}"
link,"{'text': 'https://www.pinterest.com', 'url': 'https://www.pinterest.com'}"
image,"{'src': 'https://static.saltinourhair.com/wp-content/uploads/2020/01/23124612/malacca-Straits-mosque-1-572x810.jpg', 'alt': 'malacca Straits mosque'}"
image,"{'src': 'https://static.saltinourhair.com/wp-content/uploads/2020/01/23124612/malacca-Straits-mosque-1-572x810.jpg', 'alt': 'malacca Straits mosque'}"
link,"{'text': 'https://www.pinterest.com', 'url': 'https://www.pinterest.com'}"
image,"{'src': 'https://static.saltinourhair.com/wp-content/uploads/2020/01/23124605/things-to-do-malacca-Malaysia-mosque-1.jpg', 'alt': 'things to do malacca Malaysia mosque'}"
image,"{'src': 'https://static.saltinourhair.com/wp-content/uploads/2020/01/23124605/things-to-do-malacca-Malaysia-mosque-1.jpg', 'alt': 'things to do malacca Malaysia mosque'}"
link,"{'text': 'https://www.pinterest.com', 'url': 'https://www.pinterest.com'}"
heading_h3,6. Jonker Walk
paragraph,"The Jonker Street night market is a long stretch of street vendors selling products like jewelry and unusual foods. The market is held on Friday and Saturday nights, with live street music on every corner. If you’re unable to visit over the weekend, Jonker Walk is still an enjoyable place to visit in Melaka, as it’s in the center of Chinatown, where the majority of the historical monuments and good restaurants are located."
paragraph,Visit the green tea plantations of the Cameron Highlands
image,"{'src': 'https://static.saltinourhair.com/wp-content/uploads/2020/01/23124558/malacca-jonker-street-1-540x810.jpg', 'alt': 'malacca jonker street'}"
image,"{'src': 'https://static.saltinourhair.com/wp-content/uploads/2020/01/23124558/malacca-jonker-street-1-540x810.jpg', 'alt': 'malacca jonker street'}"
link,"{'text': 'https://www.pinterest.com', 'url': 'https://www.pinterest.com'}"
image,"{'src': 'https://static.saltinourhair.com/wp-content/uploads/2020/01/23124602/malacca-jonker-street-malaysia-melaka-1-540x810.jpg', 'alt': 'malacca jonker street malaysia melaka'}"
image,"{'src': 'https://static.saltinourhair.com/wp-content/uploads/2020/01/23124602/malacca-jonker-street-malaysia-melaka-1-540x810.jpg', 'alt': 'malacca jonker street malaysia melaka'}"
link,"{'text': 'https://www.pinterest.com', 'url': 'https://www.pinterest.com'}"
image,"{'src': 'https://static.saltinourhair.com/wp-content/uploads/2020/01/23124555/jonkerstreet-melaka-1.jpg', 'alt': 'jonkerstreet melaka'}"
image,"{'src': 'https://static.saltinourhair.com/wp-content/uploads/2020/01/23124555/jonkerstreet-melaka-1.jpg', 'alt': 'jonkerstreet melaka'}"
link,"{'text': 'https://www.pinterest.com', 'url': 'https://www.pinterest.com'}"
heading_h3,7. St. Paul’s Church
paragraph,"St Paul’s is the oldest church building in Malaysia and South East Asia! It was originally built by the Portuguese in 1521 but was taken over by various other European powers over time. Now the church is in ruins, but it’s still a beautiful and impressive place to see. Interesting fact: The stones featured inside have old-dutch texts on them."
paragraph,"Finally, it is an excellent place to enjoy a panoramic view of Melaka due to its position on a hill."
paragraph,"Read: Langkawi, Malaysia’s paradise island"
image,"{'src': 'https://static.saltinourhair.com/wp-content/uploads/2020/01/23124549/St-Pauls-Church-malacca-1-540x810.jpg', 'alt': 'St Pauls Church malacca'}"
image,"{'src': 'https://static.saltinourhair.com/wp-content/uploads/2020/01/23124549/St-Pauls-Church-malacca-1-540x810.jpg', 'alt': 'St Pauls Church malacca'}"
link,"{'text': 'https://www.pinterest.com', 'url': 'https://www.pinterest.com'}"
image,"{'src': 'https://static.saltinourhair.com/wp-content/uploads/2020/01/23124552/church-malacca-1-563x810.jpg', 'alt': 'church malacca'}"
image,"{'src': 'https://static.saltinourhair.com/wp-content/uploads/2020/01/23124552/church-malacca-1-563x810.jpg', 'alt': 'church malacca'}"
link,"{'text': 'https://www.pinterest.com', 'url': 'https://www.pinterest.com'}"
image,"{'src': 'https://static.saltinourhair.com/wp-content/uploads/2020/01/23124546/things-to-do-malacca-malaysia-St-Pauls-Church-1-1080x753.jpg', 'alt': 'things to do malacca malaysia St Pauls Church'}"
image,"{'src': 'https://static.saltinourhair.com/wp-content/uploads/2020/01/23124546/things-to-do-malacca-malaysia-St-Pauls-Church-1-1080x753.jpg', 'alt': 'things to do malacca malaysia St Pauls Church'}"
link,"{'text': 'https://www.pinterest.com', 'url': 'https://www.pinterest.com'}"
heading_h3,8. Maritime Museum
paragraph,"A replica of the ancient Portuguese ship ‘Flora de La Mar’ stands high above the buildings as a museum. After having stolen goods, the original ship famously sank off the coast of Melaka."
paragraph,"Situated just a short walk from Dutch Square, the museum is a great place to learn a bit about Melaka’s importance as a maritime trading center."
paragraph,Here are all your hotel options in Melaka.
image,"{'src': 'https://static.saltinourhair.com/wp-content/uploads/2020/01/23124543/things-to-do-malacca-maritime-museum-1.jpg', 'alt': 'things to do malacca maritime museum'}"
image,"{'src': 'https://static.saltinourhair.com/wp-content/uploads/2020/01/23124543/things-to-do-malacca-maritime-museum-1.jpg', 'alt': 'things to do malacca maritime museum'}"
link,"{'text': 'https://www.pinterest.com', 'url': 'https://www.pinterest.com'}"
heading_h2,How to Visit Melaka
paragraph,"Melaka is easy to get to, with numerous travel options on offer. There is an international airport, and many flights leave for Kuala Lumpur daily. You can also visit Melaka on a day tour leaving from Kuala Lumpur if you’re in a time crunch."
heading_h4,Kuala Lumpur to Melaka
paragraph,"However, if you are flying into Kuala Lumpur, the journey by road is very easy and takes only 2-3 hours. Buses leave from Kuala Lumpur Airport and the city center at various times throughout the day."
paragraph,Get your bus tickets here.
heading_h4,Singapore to Melaka
paragraph,Another good option is to travel from Singapore to Melaka. A bus takes 3-4 hours.
paragraph,Get your bus tickets here.
image,"{'src': 'https://static.saltinourhair.com/wp-content/uploads/2020/01/23124539/private-transport-malaysia-1.jpg', 'alt': 'private transport malaysia'}"
image,"{'src': 'https://static.saltinourhair.com/wp-content/uploads/2020/01/23124539/private-transport-malaysia-1.jpg', 'alt': 'private transport malaysia'}"
link,"{'text': 'https://www.pinterest.com', 'url': 'https://www.pinterest.com'}"
heading_h3,How to Get Around Melaka
paragraph,"Once you arrive in Melaka, almost everything can be done on foot as all the main landmarks are within walking distance of each other. For those sights that are further away (such as Melaka Straits Mosque), jump on a trishaw for an authentic Malay experience, cycle by bike, or take a Grab taxi."
paragraph,We recommend to rent a car in Malaysia through Sunny Cars with free cancellation and insurance included. Book your rental car here.
image,"{'src': 'https://static.saltinourhair.com/wp-content/uploads/2020/01/23124533/things-to-do-malacca-trishaw-transport-1-540x810.jpg', 'alt': 'things to do malacca trishaw transport'}"
image,"{'src': 'https://static.saltinourhair.com/wp-content/uploads/2020/01/23124533/things-to-do-malacca-trishaw-transport-1-540x810.jpg', 'alt': 'things to do malacca trishaw transport'}"
link,"{'text': 'https://www.pinterest.com', 'url': 'https://www.pinterest.com'}"
image,"{'src': 'https://static.saltinourhair.com/wp-content/uploads/2020/01/23124536/malacca-trishaw-transport-1-540x810.jpg', 'alt': 'malacca trishaw transport'}"
image,"{'src': 'https://static.saltinourhair.com/wp-content/uploads/2020/01/23124536/malacca-trishaw-transport-1-540x810.jpg', 'alt': 'malacca trishaw transport'}"
link,"{'text': 'https://www.pinterest.com', 'url': 'https://www.pinterest.com'}"
heading_h2,Restaurants in Melaka
paragraph,Melaka is an established foodie paradise. The melting pot of different cultures in Melaka makes for a variety of tasty foods from all over the world. These were our favorite restaurants and cafes:
list_item,The Daily Fix Cafe
list_item,Mori Vegetarian Tea House
list_item,Geographer Cafe
image,"{'src': 'https://static.saltinourhair.com/wp-content/uploads/2020/01/23124530/malacca-malaysia-best-cafe-1.jpg', 'alt': 'malacca malaysia best cafe'}"
image,"{'src': 'https://static.saltinourhair.com/wp-content/uploads/2020/01/23124530/malacca-malaysia-best-cafe-1.jpg', 'alt': 'malacca malaysia best cafe'}"
link,"{'text': 'https://www.pinterest.com', 'url': 'https://www.pinterest.com'}"
heading_h2,Where to Stay in Melaka
paragraph,"It’s best to situate yourself centrally so as to be within walking distance from all the attractions. There is a nice atmosphere by the river, and plenty of hostels and guesthouses are situated here."
heading_h3,Our favorite hotels in Melaka 😴
link,"{'text': 'View all', 'url': 'https://www.saltinourhair.com/go/melaka-hotels/'}"
link,"{'text': '1825 Gallery HotelMelaka', 'url': 'https://www.saltinourhair.com/go/1825-gallery-malacca/'}"
link,"{'text': 'Yote 28Melaka', 'url': 'https://www.saltinourhair.com/go/yote-28-melaka/'}"
link,"{'text': 'The Nest HouseMelaka', 'url': 'https://www.saltinourhair.com/go/the-nest-house-melaka/'}"
link,"{'text': 'See available hotels inMelaka', 'url': 'https://www.saltinourhair.com/go/melaka-hotels/'}"
link,"{'text': 'Check available hotels', 'url': 'https://www.saltinourhair.com/go/melaka-hotels/'}"
link,"{'text': 'Check available hostels', 'url': 'https://www.saltinourhair.com/go/melaka-hostels/'}"
paragraph,"Guesthouses in Melaka are very reasonably priced and of good quality. However, there are more upmarket hotel options that sit a little further out of the center."
paragraph,"By purchasing through our links, you support us at no additional cost. Thank you for your support. ♥️"
list_item,Find Hotels via Booking.com
list_item,Find a Rental Car via Sunny Cars
list_item,Find Flights to Melaka via Skyscanner
list_item,Get a Travel Insurance via Heymondo
list_item,Book Tours & Attractions via GetYourGuide
list_item,Book a Bus/Train/Transfer via 12Go
link,"{'text': 'Pin it 703', 'url': 'https://pinterest.com/pin/create/button/?url=http://www.saltinourhair.com/malaysia/melaka/&media=https://static.saltinourhair.com/wp-content/uploads/2020/01/23124525/best-things-to-do-malacca-malaysia.jpg&description=8+Things+To+Do+in+Melaka%2C+Malaysia+%282-day+Travel+Guide%29'}"
link,"{'text': 'Share', 'url': 'https://www.facebook.com/sharer/sharer.php?u=http://www.saltinourhair.com/malaysia/melaka/'}"
link,"{'text': 'Share', 'url': 'whatsapp://send?text=http://www.saltinourhair.com/malaysia/melaka/'}"
list_item,Kuala Lumpur
list_item,Langkawi
list_item,Penang (Georgetown)
list_item,Ipoh
list_item,Cameron Highlands
list_item,Malacca
link,"{'text': 'Best Things to do in Cameron Highlands, Malaysia', 'url': 'https://www.saltinourhair.com/malaysia/cameron-highlands/'}"
link,"{'text': 'Renting a Car in Malaysia in 2025: All you need to know', 'url': 'https://www.saltinourhair.com/malaysia/rent-car-malaysia/'}"
link,"{'text': '11 Best Things To Do in Penang, Malaysia (Georgetown)', 'url': 'https://www.saltinourhair.com/malaysia/penang-georgetown/'}"
link,"{'text': 'Best Travel Insurances in 2025', 'url': 'https://www.saltinourhair.com/tips/travel-insurance/'}"
link,"{'text': '12 Best Places to Travel in 2025', 'url': 'https://www.saltinourhair.com/travel-blog/best-places-to-travel/'}"
link,"{'text': 'Salt in our Hair Presets', 'url': 'https://www.saltinourhair.com/shop/presets/juicy-collection/'}"
link,"{'text': 'MalaysiaDiscover all our guides here', 'url': 'https://www.saltinourhair.com/malaysia/'}"
link,"{'text': 'Best Things to do in Cameron Highlands, Malaysia', 'url': 'https://www.saltinourhair.com/malaysia/cameron-highlands/'}"
link,"{'text': 'Renting a Car in Malaysia in 2025: All you need to know', 'url': 'https://www.saltinourhair.com/malaysia/rent-car-malaysia/'}"
link,"{'text': '11 Best Things To Do in Penang, Malaysia (Georgetown)', 'url': 'https://www.saltinourhair.com/malaysia/penang-georgetown/'}"
paragraph,Looking for more travel information? Plan a chat with us for personalised travel advice or get an answer from the Salt in our Hair Travel Community on Facebook.
list_item,"kazi • 12/03/2024 Hi yall, did you have to have an International Driving license? or your dutch driving license was enough? reply Salt in our Hair • 14/03/2024 Hi Kazi, anyone with a valid driver’s license needs an accompanying IDP in order to drive in Malaysia. This is because it needs to either be in English or Malay. Hope that helps! reply"
paragraph,Load More
link,"{'text': 'Click here to cancel reply.', 'url': 'https://www.saltinourhair.com/malaysia/melaka/#respond'}"
paragraph,Your email address will not be published. Required fields are marked *
paragraph,Comment *
paragraph,Name *
paragraph,Email *
paragraph,Notify me when new comments are added.
paragraph,Δ
link,"{'text': 'Asia', 'url': 'https://www.saltinourhair.com/asia/'}"
link,"{'text': 'Malaysia', 'url': 'https://www.saltinourhair.com/malaysia/'}"
link,"{'text': 'Travel Blog', 'url': 'https://www.saltinourhair.com/travel-blog/'}"
link,"{'text': 'Salt in our Hair Travel Blog', 'url': 'https://www.saltinourhair.com/'}"
list_item,Destinations
list_item,Travel Tips
list_item,Planning
list_item,About us Our story Work with us Instagram Youtube
list_item,Shop Mobile Video Filters Photo Filters (Presets) Google Maps Locations Ebooks Prints Cart Login
list_item,en EnglishNederlands
link,"{'text': 'https://www.instagram.com/saltinourhair/', 'url': 'https://www.instagram.com/saltinourhair/'}"
link,"{'text': 'https://www.youtube.com/c/saltinourhair?sub_confirmation=1', 'url': 'https://www.youtube.com/c/saltinourhair?sub_confirmation=1'}"
link,"{'text': 'https://www.pinterest.com/saltinourhair/', 'url': 'https://www.pinterest.com/saltinourhair/'}"
list_item,Destinations
list_item,Tips
list_item,Planning
link,"{'text': 'Asia', 'url': 'https://www.saltinourhair.com/asia/'}"
list_item,🇮🇩 Bali
list_item,🇰🇭 Cambodia
list_item,🇬🇪 Georgia
list_item,🇮🇳 India
list_item,🇮🇩 Indonesia
list_item,🇯🇵 Japan
list_item,🇱🇦 Laos
list_item,🇲🇾 Malaysia
list_item,🇲🇻 Maldives
list_item,🇲🇲 Myanmar
list_item,🇵🇭 Philippines
list_item,🇸🇬 Singapore
list_item,🇱🇰 Sri Lanka
list_item,🇹🇭 Thailand
list_item,🇹🇷 Turkey
list_item,🇺🇿 Uzbekistan
list_item,🇻🇳 Vietnam
link,"{'text': 'Africa', 'url': 'https://www.saltinourhair.com/africa/'}"
list_item,🇪🇬 Egypt
list_item,🇲🇺 Mauritius
list_item,🇲🇦 Morocco
link,"{'text': 'Middle East', 'url': 'https://www.saltinourhair.com/middle-east/'}"
list_item,🇪🇬 Egypt
list_item,🇯🇴 Jordan
list_item,🇴🇲 Oman
list_item,🇹🇷 Turkey
link,"{'text': 'Europe', 'url': 'https://www.saltinourhair.com/europe/'}"
list_item,🇦🇱 Albania
list_item,🇦🇹 Austria
list_item,🇧🇬 Bulgaria
list_item,🇭🇷 Croatia
list_item,🇨🇿 Czech Republic
list_item,🇫🇷 France
list_item,🇬🇪 Georgia
list_item,🇬🇷 Greece
list_item,🇭🇺 Hungary
list_item,🇮🇸 Iceland
list_item,🇮🇹 Italy
list_item,🇵🇹 Madeira
list_item,🇲🇹 Malta
list_item,🇳🇱 Netherlands
list_item,🇵🇱 Poland
list_item,🇵🇹 Portugal
list_item,🏴󠁧󠁢󠁳󠁣󠁴󠁿 Scotland
list_item,🇪🇸 Spain
list_item,🇹🇷 Turkey
list_item,🇨🇴 Colombia
list_item,🇨🇷 Costa Rica
list_item,🇲🇽 Mexico
list_item,🇵🇪 Peru
link,"{'text': 'All Travel Blogs', 'url': 'https://www.saltinourhair.com/travel-blog/'}"
list_item,Travel Tips
list_item,Digital Nomad
list_item,Social Media
list_item,Sustainable Travel
list_item,Budget
list_item,Tech
list_item,Lifestyle
list_item,Blogging
list_item,Travel Insurance
link,"{'text': '13 Plastic Products to replace when Traveling', 'url': 'https://www.saltinourhair.com/tips/reduce-plastic-travel/'}"
link,"{'text': 'How to Start a Blog - Our Step-by-Step Guide', 'url': 'https://www.saltinourhair.com/blogging/start-blog/'}"
link,"{'text': 'All Travel Tips', 'url': 'https://www.saltinourhair.com/tips/'}"
link,"{'text': 'Plan a trip', 'url': 'https://www.saltinourhair.com/tips/how-to-plan-trip/'}"
list_item,Find Hotels via Booking.com
list_item,Find a Rental Car via Sunny Cars
list_item,Find Cheap Flights via Skyscanner
list_item,Get a Travel Insurance via Heymondo
list_item,Book Tours & Attractions via Viator
list_item,Book a Bus/Train/Transfer via 12Go
link,"{'text': 'See where we book our travels', 'url': 'https://www.saltinourhair.com/travel-resources/'}"
link,"{'text': 'How to Plan a Trip: 7 Easy Tips for Your Next Adventure', 'url': 'https://www.saltinourhair.com/tips/how-to-plan-trip/'}"
link,"{'text': 'Download Google Maps Offline for Traveling (Step-by-Step Guide)', 'url': 'https://www.saltinourhair.com/tips/download-google-maps-offline/'}"
link,"{'text': 'Best Travel Insurances in 2024', 'url': 'https://www.saltinourhair.com/tips/travel-insurance/'}"
paragraph,"Get inspired! Receive travel discounts, tips and behind the scenes stories."
link,"{'text': 'Follow our travels daily on Instagram together with 375K others.', 'url': 'https://www.instagram.com/saltinourhair/'}"
list_item,Travel Blogs
list_item,Bali Travel Guide
list_item,Sri Lanka Travel Guide
list_item,Peru Travel Guide
list_item,Tips & Tricks
list_item,How to Start a Blog
list_item,Reduce travel plastic
list_item,Our Photography Gear
list_item,About us
list_item,Our story
list_item,Work with us
list_item,Shop
list_item,Lightroom Presets
list_item,Video Filters (Mobile)
list_item,Google Maps Locations
list_item,Contact
list_item,ask@saltinourhair.com
link,"{'text': 'https://www.instagram.com/saltinourhair/', 'url': 'https://www.instagram.com/saltinourhair/'}"
link,"{'text': 'https://www.youtube.com/c/saltinourhair?sub_confirmation=1', 'url': 'https://www.youtube.com/c/saltinourhair?sub_confirmation=1'}"
link,"{'text': 'https://www.pinterest.com/saltinourhair/', 'url': 'https://www.pinterest.com/saltinourhair/'}"
link,"{'text': 'https://www.facebook.com/saltinourhair/', 'url': 'https://www.facebook.com/saltinourhair/'}"
link,"{'text': 'Salt in our Hair Travel Blog', 'url': 'https://www.saltinourhair.com/'}"
link,"{'text': 'Salt in our Hair', 'url': 'https://www.saltinourhair.com'}"
link,"{'text': 'Website designed & built with ♥ by only us (Nick & Hannah)', 'url': 'https://www.saltinourhair.com/blogging/start-blog/'}"
link,"{'text': 'Privacy', 'url': 'https://www.saltinourhair.com/privacy-policy/'}"
link,"{'text': 'Sitemap', 'url': 'https://www.saltinourhair.com/sitemap/'}"
text_chunk,Find flights to Melaka ✈️
text_chunk,Did you know that …
text_chunk,Salt in our Hair
text_chunk,03/04/2024
text_chunk,https://www.saltinourhair.com/malaysia/melaka/
text_chunk,Blog comments (8)
text_chunk,Write a comment
text_chunk,This article was about:
text_chunk,Last updated:
text_chunk,"April 3, 2024"
text_chunk,Latin America
text_chunk,All categories
text_chunk,Popular reads
text_chunk,Chapters
text_chunk,Chapters
text_chunk,Back to Top
text_chunk,The Travel
text_chunk,Letter
text_chunk,Subscribe
text_chunk,©
text_chunk,-
text_chunk,-
text_chunk,-
text_chunk,- Member of Mediavine Travel
